Indicator Name,Indicator ID,Group No
"Access to electricity, rural (% of rural population)",EG.ELC.ACCS.RU.ZS,1
"Access to electricity, urban (% of urban population)",EG.ELC.ACCS.UR.ZS,1
Access to electricity (% of population),EG.ELC.ACCS.ZS,1
Compensation of employees (% of expense),GC.XPN.COMP.ZS,2
Adjusted savings: education expenditure (current US$),NY.ADJ.AEDU.CD,3
Adjusted net national income per capita (current US$),NY.ADJ.NNTY.PC.CD,3
Terms of trade adjustment (constant LCU),NY.TTF.GNFS.KN,4
Adequacy of social protection and labor programs (% of total welfare of beneficiary households),per_allsp.adq_pop_tot,5
Adequacy of social insurance programs (% of total welfare of beneficiary households),per_si_allsi.adq_pop_tot,5
Political Stability and Absence of Violence/Terrorism: Estimate,PV.EST,6
"Literacy rate, youth female (% of females ages 15-24)",SE.ADT.1524.LT.FE.ZS,7
"Literacy rate, youth (ages 15-24), gender parity index (GPI)",SE.ADT.1524.LT.FM.ZS,7
"Literacy rate, adult total (% of people ages 15 and above)",SE.ADT.LITR.ZS,7
"School enrollment, secondary (gross), gender parity index (GPI)",SE.ENR.SECO.FM.ZS,7
"Children out of school, primary, female",SE.PRM.UNER.FE,7
"Children out of school, primary, male",SE.PRM.UNER.MA,7
"Adolescents out of school, female (% of female lower secondary school age)",SE.SEC.UNER.LO.FE.ZS,7
"Adolescents out of school, male (% of male lower secondary school age)",SE.SEC.UNER.LO.MA.ZS,7
Adolescents out of school (% of lower secondary school age),SE.SEC.UNER.LO.ZS,7
Expenditure on secondary education (% of government expenditure on education),SE.XPD.SECO.ZS,7
Expenditure on tertiary education (% of government expenditure on education),SE.XPD.TERT.ZS,7
"Total alcohol consumption per capita (liters of pure alcohol, projected estimates, 15+ years of age)",SH.ALC.PCAP.LI,8
People using safely managed drinking water services (% of population),SH.H2O.SMDW.ZS,8
"Community health workers (per 1,000 people)",SH.MED.CMHW.P3,8
Pregnant women receiving prenatal care (%),SH.STA.ANVC.ZS,8
People using at least basic sanitation services (% of population),SH.STA.BASS.ZS,8
Current health expenditure per capita (current US$),SH.XPD.CHEX.PC.CD,8
Proportion of people living below 50 percent of median income (%),SI.DST.50MD,9
"Employers, female (% of female employment) (modeled ILO estimate)",SL.EMP.MPYR.FE.ZS,9
"Employers, total (% of total employment) (modeled ILO estimate)",SL.EMP.MPYR.ZS,9
"Wage and salaried workers, female (% of female employment) (modeled ILO estimate)",SL.EMP.WORK.FE.ZS,9
"Wage and salaried workers, male (% of male employment) (modeled ILO estimate)",SL.EMP.WORK.MA.ZS,9
"Wage and salaried workers, total (% of total employment) (modeled ILO estimate)",SL.EMP.WORK.ZS,9
Unemployment with basic education (% of total labor force with basic education),SL.UEM.BASC.ZS,10
Unemployment with intermediate education (% of total labor force with intermediate education),SL.UEM.INTM.ZS,10
"Unemployment, total (% of total labor force) (national estimate)",SL.UEM.TOTL.NE.ZS,10
"Children in employment, study and work, female (% of female children in employment, ages 7-14)",SL.TLF.0714.SW.FE.ZS,10
"Children in employment, study and work, male (% of male children in employment, ages 7-14)",SL.TLF.0714.SW.MA.ZS,10
"Children in employment, work only, female (% of female children in employment, ages 7-14)",SL.TLF.0714.WK.FE.ZS,10
"Children in employment, wage workers, female (% of female children in employment, ages 7-14)",SL.WAG.0714.FE.ZS,10
"Children in employment, wage workers, male (% of male children in employment, ages 7-14)",SL.WAG.0714.MA.ZS,10
"Children in employment, wage workers (% of children in employment, ages 7-14)",SL.WAG.0714.ZS,10
Women who were first married by age 18 (% of women ages 20-24),SP.M18.2024.FE.ZS,11
Teenage mothers (% of women ages 15-19 who have had children or are currently pregnant),SP.MTR.1519.ZS,11
Age dependency ratio (% of working-age population),SP.POP.DPND,12